{
    "folders": {
        "input": {
            "mac": "/Users/ivg/Github/autoBulletTime/in",
            "windows": "C:\\Users\\Username\\BulletTime\\in"
        },
        "output": {
            "mac": "/Users/ivg/Github/autoBulletTime/out",
            "windows": "C:\\Users\\Username\\BulletTime\\out"
        },
        "processed": {
            "mac": "/Users/ivg/Github/autoBulletTime/processed",
            "windows": "C:\\Users\\Username\\BulletTime\\processed"
        },
        "template": {
            "mac": "",
            "windows": ""
        },
        "logFile": {
            "mac": "",
            "windows": ""
        }
    },
    "processing": {
        "timeStretch": 300,
        "applyBulletTime": true,
        "checkInterval": 2000
    }
}